id,spoiler
0,Danny Kolzow
1,1 Prioritise say yes when it matters most 2 Give in a way that is
2,have a Bunch of Money Meditating inside a beautiful stock photo room filled with
3,Braconid
4,Cured egg yolks are delicious but strong
5,The Imperial March Princess Leia s Theme and HuffPost Entertainment s personal
6,1 Take a long warm shower with sweet smelling essential oils 2 Create the perfect ambience before
7,Flynn
8,Lord Ivar Mountbatten
9,Focus on the power that you re getting along the way with all that money that you
10,Who is watching your kids
11,trying too hard can also get your company skewered on social media
12,Celia Cruz
13,De Gea slammed the media for discussing the move without any genuine knowledge of
14,claustrophobic and squalid
15,116 8 billion
16,Chihiro s parents turned into pigs
17,Black Friday
18,1 Get an education 2 Say hello to risk 3 Say goodbye to risk 4 Get an education 5
19,New York
20,Michael Sam
21,Drunk or Danish Swedish police eventually work it out
22,an iPad Pro for 30 or an iPhone 6s for 40
23,longline yellow raincoat
24,men painting one of their fingernails
25,Gender matters not when you re rocking the Force like you are baby FantasticallyFor
26,123 dollars
27,55 percent of Americans think climate change is related to more frequent and severe natural disasters while only
28,140 000 vote lead
29,Universal Basic Income
30,22
31,he is giving his owner some seriously relentless side eye
32,Tesco s food waste mountain amounted to 59 400 tonnes
33,NES Classic Edition
34,high prices are beginning to discourage some students from purchasing textbooks for their classes despite the fact
35,while in the shower he belts out a few of his favorite Broadway tunes I
36,Laziness
37,1 People play bingo with chicken sh t 2 A bunch of old houses are the city
38,amyotrophic lateral sclerosis
39,YInMn blue
40,blue wavelength light
41,a strange object that looks like a green bottle
42,Proof That Parenthood
43,it s hard to escape the stench of the city in the heat of summer
44,Five raccoons were trapped inside the Coonskin Park trash recept
45,Albert Kennedy
46,The Prisoner of Azkaban
47,30 minutes
48,I m Gonna Be Ready by Yolanda Adams
49,Expo markers
50,Rodgers earned the role on his talent alone
51,Thea The Awakening
52,The Mad Men audience overlaps so neatly with the audience of people who read about TV on
53,Eat legumes
54,Pennsylvania
55,plastic debris
56,40 percent of marriages involve one spouse who s been married before
57,Amber Galloway Gallego
58,Kili the Senegal parrot has somehow managed to become a master at playing dead
59,Miley Cyrus
60,Mrs Thom at Bucklebury Primary School gave the stress managing worksheet to her year 6 class
61,Lucky Eggs and Incense
62,turn on the sink and let the water run so it only sounds like they re washing their
63,There s never been a closet that I ve been in I don t own
64,Clinton leading Trump among registered voters nationally by 50 41
65,the information printed on your boarding pass actually reveals a lot more than you think
66,Delaware loophole
67,Kevin Hart
68,old HBO shows
69,25 000 per month
70,1 Goodbye Sapphire 2 New Home Button 3 New Home Button 4 New Home B
71,The university allows students like Gieselman to select their own identity a new first name regardless
72,Doors open based on who you know
73,1 Museum of Modern Art 2 Metropolitan Museum of Arts 3 Guggenheim 4 The Whitney Museum
74,vegan
75,San Pedro Prison
76,it has a moon
77,Tokyo
78,Nars
79,The Professional Golf Association PGA has decided to not hold their PGA Tour event at Miami
80,MS Dhoni
81,she went from 126 pounds to 224 pounds in two years
82,Ask your barber to scissor cut the top of your head to about an inch
83,I did it I moved on
84,Robert Redford
85,Metcon workouts
86,Katy Perry
87,The Netherlands
88,Mzznaki Tetteh
89,World War I
90,a piece of foam with a photo of the thing I wanted printed on it
91,1 A SINGLE TABLESPOON HAS MORE SUGAR THAN A
92,Andrew Carnegie s first job was as a 13 year old textile worker
93,1937 Bugatti Type 57S
94,Malik Obama
95,Peter Pilotto
96,IVF or intracytoplasmic sperm injection offers a good chance of pregnancy
97,I had my full security like I was like Find Donald Trump she told Norton Cause I was just
98,Nebraska allocates its electoral college votes not in the usual winner take all method but by congressional district
99,cancel the Paris Climate Plan
100,1 Adventurous Christmas Chile 2 Premium Christmas Switzerland 3 Adventurous Christmas Switzerland 4 Adventur
101,nearly 300 exhibitors
102,not taking into account sleeping time
103,Online multiplayer is broken and players should avoid trying to use that game mode for now
104,raw apple and raw lettuce
105,a severe allergic reaction that John had experienced called anaphylaxis
106,Alfredo
107,two miscarriages
108,Delores Curtis
109,no properties were lost during a bushfire around the town of Gwindinup south east
110,Margaret Osuma Oshien
111,Neil Woods
112,kleptoparasites
113,title page
114,Shamus Beaglehole
115,familial DNA
116,Wolverampton
117,igloo
118,Bizarro
119,Black Angus Steakhouse
120,Switzerland
121,29 cent
122,J Crew
123,Andy Stern
124,lack of parents in the films is just an easy way to allow the main characters to grow up
125,explicit 2000 Playboy video
126,watch
127,Smooth pink fleshy and unbearably smelly
128,He sounds like an actor unsure of his character without a director to indicate who he
129,Xbox One
130,Costco Visa Anywhere card
131,Ken Worrall asked to be disconnected from his life giving machines
132,it freaks people out It freaks people out that they can t believe the dictator is
133,1 participant out of 85 correctly recalled the Apple logo and fewer than half of all participants
134,no Internet
135,frostbite
136,The movie industry seems to remain completely deaf to the constant criticism regarding sexual objectification age
137,Christine Tink Newman 24
138,leaving used condoms on the bed and flashing instead of giving a tip
139,Bad language ill thoughts rude ideas negative radical views I don t need
140,During a concert celebrating his 50 years in music
141,1 1 trillion annually
142,The unemployment rate in November fell to 4 6 percent the lowest in nine years the Labor Department said
143,smaller brains more efficient not dumber resistance to diseases increases in ADHD and blue eyes
144,the foetus was detected with anencephaly a serious defect where parts of
145,0 2 percentage points
146,whale ear wax
147,Sanatan Dharma Mandir
148,She apparently replied before pointing at the policeman and adding But he has
149,The King of Limbs
150,he s not anti Harry Potter
151,The Rock
152,Jackson Vroman
153,1 Ideas Have Consequences 2 The Road to Serfdom 3 The Clos
154,prototype imaging system
155,Heigl s behavior on set has become notoriously difficult
156,Specific Foods That Can Affect Sleep
157,Jillette ate only potatoes in any form mashed baked you name it but NO other
158,applying your foundation blusher and concealer incorrectly
159,Taran Killam Jay Pharoah
160,Idaho
161,right patterns of ink on a page can create vivid mental imagery and instill powerful emotions
162,Katrina Henry
163,it doesn t in any way reflect someone s intelligence
164,Ernestine Shepherd
165,synaptic pruning
166,If the IOC does ban Russia that s enough medals to throw any Olympic predictions seriously
167,pork loin
168,Don t ask if she has chosen a name
169,being a single mom to daughter Jessica
170,765 759 in loose unclaimed coins
171,the age 21 laws have saved up to 900 lives yearly on the road
172,Oregon
173,Almost every space pops with color
174,new role will see him operate purely off the pitch rather than create magic on it
175,The Oscar winner will play a younger version of Kathleen Turner s character Fraida
176,one in 285 children will get a cancer diagnosis of some sort
177,drop in price
178,tahini cardamom squash pie
179,Greg Puciato
180,he went for the apple and the cherry and left behind the strawberry rhubarb
181,paper bag
182,cutting a small cross in the base of each sprout all this time we have all simply been
183,Choose Cream Over Lotion
184,Jimmy Smits who played Senator Bail Organa in the prequel films Attack of the
185,Windows has long been the undisputed king of computer operating systems when it comes to gaming But
186,1 Stand in front of her with 1 to 1 5 meters between you 2 Have a relaxed
187,rejecting a fans s gift and calling it shit
188,5 Beyond Good Evil 2
189,touch him on the shoulder
190,The girl was playing hide and seek with her friends around 9 p m at the Water
191,Laura Bush
192,Michael Brain
193,I can t eat pizza anymore guys
194,a fan suddenly reached up from the audience and tried to grab a piece of the 33
195,organic eggs milk and salad greens can cost upwards of 60 percent more than conventional alternatives while
196,1 Because with 300 days of sunshine 2 Being at a high altitude just makes things more
197,234 000
198,It simply couldn t make enough toys to satiate demand in North America and needed
199,Indiana Jones
200,e passport is likely to secure the data and curb the menace of fake passports
201,1 The action s going to pick back up in Fall of 1984 2 I think we talked
202,God s Pocket
203,black bag hidden inside
204,He ended up in the hills above Whittier along Turnbull Canyon Road
205,Tulsiram Manere
206,Ailish Sheehan
207,counting each small win we make
208,Chicago s per pack cigarette tax will be 31 cents higher than New York City
209,a sex object is empowering
210,Nellie Bly
211,french fry
212,burnt bear bone
213,she got distracted by her own erotic thoughts
214,Sarah Gailey
215,The Cavaliers have been taught the simple truth seven times now all Warriors wins
216,waiter less cashier less restaurant
217,Phase One Iron Man 585 174 222 The Incredible Hulk 263 427
218,1 999 367 3767
219,39 percent
220,Fadi al Qanbar s sister Shadia 28 told Palestinian media Allah chose him
221,Ben Affleck and Jennifer Garner will or won t they divorce
222,Chien Chih cheng
223,Taryn Bledsoe 22 year old Julia Grainger 22 year old Elizabeth
224,Emily Gardner
225,Ava Urrea
226,Feeling This
227,black long sleeved shirt and some oversized sunglasses
228,Ana Ana
229,Charles Barkley stands by his criticism of the Cleveland Cavaliers star player
230,He built personalized crosses for each victim and then proceeded to drive 1 200 miles to Orlando
231,pears
232,Blake McIver
233,hunt for catfish with pitchforks or spears
234,Paul Li
235,1 Miley Cyrus 2 Drake Drake 3 Kim Kardashian 4 Justin Bieber 5 Bey
236,S wrong words
237,Caitlyn Cannon
238,Lola
239,Aaron Sorkin s popular HBO series will be skewered through parody on
240,A right triangle has a hypotenuse equal to 10 and an altitude to the hypo
241,negotiations with the European Union over the country s exit will require the engagement of the Scottish Welsh
242,creating a personal vision for your life
243,Quintin Conway
244,Emperor Palpatine s granddaughter
245,Lisa Brown
246,a new gene that contributes to the disease
247,Apollo Holes
248,cupping
249,Thousands of angry demonstrators have poured onto the streets protesting against both the local electricity
250,trees do relax their branches at night
251,ban on all Muslims entering the United States
252,Berlin
253,chocolate crinkles baked in house daily
254,stressed and sleepless
255,retired detective
256,tab
257,Egg cartons and plastic ice cube trays make great organizational tools for jewelry c
258,Some societies are more prone to rape
259,You can increase the size of your penis visually The way you can do it is by losing
260,voting for a third party or write in candidate
261,watermelon seeds
262,Ben Bernanke
263,untitled Daily Show companion series
264,SaferWeb
265,sleep deprivation
266,Feb 24
267,blood when drank is toxic
268,millennials are better at handling their money and talking about it with their partners
269,polymyalgia rheumatica
270,The Cubs carried a 6 3 lead into the eighth inning six outs away from
271,You can t easily spin around in the driver s seat if a Poke
272,standard Starbucks lid was designed to be used as a drink coaster
273,pet
274,I live inside my own heart
275,Scarlett Johansson
276,Originally all humans had brown eyes although genetic variation relating to a gene called OCA
277,Dawn Grace lost her son four years ago and now she meets the man who received his heart in
278,People s eyes are naturally drawn to light and naturally drawn away from darkness
279,THE MUSIC THE MYSTERIOUS ORIGINS THE MUSIC THE
280,adding a teaspoon of coconut oil to boiling water with a half cup of non fort
281,1 There are many theories about why cats knead their paws into
282,spy camera
283,Casa Elizabeth
284,Where Opportunity Knox
285,racial profiling
286,men aren t as flexible and can t maybe get their arms around
287,Prior to Sunday s finale the castle at Winterfell was adorned with the gru
288,lime green
289,Aaron Judge
290,Thiruvananthapuram India
291,crack cocaine
292,Ecuador
293,not getting enough sleep
294,There were many plot twists and updates that gave the newly released Beauty and Beast a completely
295,acoustic take on Lana Del Rey s Summertime Sadness
296,a perception of morality strengthens an argument giving it more sway than opinions
297,Buffy the Vampire Slayer
298,change your identity
299,hot dogs
300,Breaking Bad
301,Chris Pratt
302,audiologist and tenured professor require a Ph D Others like medical and pharmacy technicians
303,CEO Lawyer Media TV and radio Salesperson Surgeon Journalist Police officer Clergyperson
304,rosemary
305,1 080
306,Google
307,1 CHILI PEPPERS 2 CHILI PEPPERS 3 CHILI PE
308,Intrepid
309,poop every morning after you wake up
310,University of California Los Angeles
311,chances that a stranger will abduct and kill or not return a child the great fear
312,capture the pigeon
313,Chal Na Katrina
314,Monday February 24 at 9 p m
315,7 hours spent in deep sleep
316,Closer
317,Come on down to the Muncie Animal Shelter to walk one of our dogs while you get your
318,She said he s a pussy
319,President Trump will have the funding to build the wall
320,ANTIWAR
321,Damion Soward
322,Carrer Avinyo
323,Nick Johnson
324,a 74 year old man with a bad limp knocked on the window He
325,solar energy is beating the costs of natural gas plants across the country right now even the operating costs
326,superfetation
327,C word
328,Facebook Messenger weaves chatbots with friends
329,a fossil
330,two out of five millennial shoppers have already started buying presents for the holiday season
331,Coca Cola Memorabilia
332,evacuation of civilians and opposition fighters from eastern Aleppo have been suspended after rebels
333,Skara Brae
334,Lydia Bright and Louis Smith
335,hacking
336,Dallas Cowboys quarterback Tony Romo 9 leads the team during a warm up at the
337,Pikaqiu
338,Whitney Thompson
339,rate of change of Earth s life support system including the atmosphere oceans forests waterway
340,You Guessed It Rasputin
341,they appear to be terrified utterly terrified of cucumbers
342,diet beverages
343,Captain Phillips
344,black panther creeps up behind him
345,rag
346,Blue Lives Matter
347,850 hits in the FBI s nationwide database of DNA profiles
348,Do not open until your 1st disagreement
349,if you swipe a chip card instead of inserting it into slot the merchant is responsible
350,Elle
351,Bacteria skin cells and sweat are transferred to our pants from our own body but skin micro
352,Donald Trump during the first presidential debate
353,coconut oil with a pinch of turmeric
354,knocking back a cold glass of milk
355,Imagine going for a job interview and the woman says she will email u in a
356,Chris Crocker
357,snow shoveling
358,Aubrey wrapped in motorcycle gloves
359,A number 7 with medium fries and a Coke
360,Minnesota
361,personal responsibility and achievement
362,During our For Fun plays button presses were consistently between 30 to 40 milliseconds
363,They use sleight of hand and will check pockets without the victim knowing
364,Cecily Strong
365,1 When it comes to food you won t just eat any old thing 2 Because you
366,Arizona lawmakers are pushing to provide elected officials with more privacy as they draft legislation
367,airplane seat is woefully misaligned with the windows
368,Springfield Oregon
369,Norah
370,cross network play
371,Couldn t Superman have used his X ray vision to see what was in
372,post micturition convulsion syndrome
373,a gargantuan mile long asteroid is heading towards Earth and will brush
374,Where do you see yourself in five years
375,Britain s decision to leave the European Union after the referendum really didn t go down well
376,Pat Patterson
377,He sees something he doesn t particularly care if it s true or not
378,Losing the voice of Arsenio Hall and Lopez means for late night television
379,Florida
380,Rubeus Hagrid
381,Democrat Jason Kander looks to be running very strongly in the exit polls
382,average time for each couple that is averaged across all the times they had sex range
383,Rudy Giuliani
384,clonal selection theory
385,Burning Man Black Rock Desert
386,white pepper
387,anal sex
388,Banking on bad movies
389,Rotom
390,She lived her best life and in the process taught us quite a bit about relationships before she
391,The Houston Chronicle clearly recognizes the fact that the Republican presidential nominee has sent the Republican party into
392,Crack House
393,China is too quick to rebalance its services sector
394,water hemlock
395,a cleaner was met with a stack of cash when she walked into a hotel
396,Christopher Suprun
397,Rachel Crawley
398,1 John Kerry 4bb96075acadc3d80b5ac
399,Richard Belzer
